Protein ID	Protein Seq	Starting Position	Ending Position
P20569	MGHIITYCQVHTNISILIRKAHHIIFFVIDCDCISLQFSNYVHHGNRFRTVLISKTSIACFSDIKRILPCTFKIYSINDCP	13	21
A0A140T8I6	MYTRSKVVGPGLGTSSISRDHAGAGQRRELGLQQNRRQSLEVAAPEGPKMERQGHADQGSAGTYTLIAPNESRRQKIQRIAEQELADLERWKQQNRAKPVYLVPQRLGGSQSEAEVRQKQQLQQMRSKYQQKLKRDESIRIRKEAEEAKFQKMKAIQREKSNKLEEKKQLQEDIRRATFREHHQSKTAELLSRLDTERRNRSACLIAPPATQSSRWKLPVLLRDPSWAGSQAHRDSPQKEDNPRLQKTRDGHQKNKLLETKGQHQEEERAQIHQAEHWRVNNAFLDRLQGKSQPGGLEQSGGCCNMNSTDSWGI	13	21
A0PL33	MTNPSEEPAWKQRAVERSIKTAKLRAAQRVQRFLDAAQAIIIEKGSTDFTVQEVVDRSRQSLRSFYLQFDGKHELLLALFEDALSRSADQIRAATETHADPLERLKVAVELLYEASRPDPTAKRPLFTDFAPRLLVSHPTEVKVAHAPLVTLLTELMEAAAEAGELREDLNPRRIAAMTMQTVMFIAQSSGGTDDATTHPITADEVWDFCSRGFAAS	13	21
O05316	MARNPSPALDRPWRRPGALRYALERVRGVAKPPITVTDPPADVVIERDVEVPTRDGTLLRINVFRSAEGGARPVIASIHPYGKDALPRRRGNRWTFSPQYRMLRQPKPLTFSALTGWEAPDPAWWTAQGFVVVNADSRGCGRSDGTGDLLSHQEAEDTYDLVGWLADQAWSDGRVVMLGVSYLAISQYAVAALQPPALRAICPWEGFTDAYRDLAFPGGIRESGFTRLWSRGVRRRTRQTYDMEQMQEAHPLRDDFWRSRVPDLSAIKVPMLVCGSFSDNNLHSRGSIRAFTRSGCGHARLYTHRGGKWETFYSATALSEQLKFLRDALAGSSGSRSVRLEVREDRDTITAVREETQWPLAGTRWRPMYLAGPGLLATEPPPTAGSIRFQTRSRAAAFNWTIPEDIELTGPMAARLWVQLDGCDDANLFVGVEKWRDGQFVAFEGSYGWGRDRVTTGWQRVSLRELDPELSQPWEPVPACARPRPVTAGEVVAVDVALGPSATLFRAGEQLRLVVGGRWLSPRNPLTGQFPAAYPRPPRGRVTLHWGPRYDAHLLIPEVPG	13	21
P03107	MRHKRSAKRTKRASATQLYKTCKQAGTCPPDIIPKVEGKTIAEQILQYGSMGVFFGGLGIGTGSGTGGRTGYIPLGTRPPTATDTLAPVRPPLTVDPVGPSDPSIVSLVEETSFIDAGAPTSVPSIPPDVSGFSITTSTDTTPAILDINNTVTTVTTHNNPTFTDPSVLQPPTPAETGGHFTLSSSTISTHNYEEIPMDTFIVSTNPNTVTSSTPIPGSRPVARLGLYSRTTQQVKVVDPAFVTTPTKLITYDNPAYEGIDVDNTLYFSSNDNSINIAPDPDFLDIVALHRPALTSRRTGIRYSRIGNKQTLRTRSGKSIGAKVHYYYDLSTIDPAEEIELQTITPSTYTTTSHAASPTSINNGLYDIYADDFITDTSTTPVPSVPSTSLSGYIPANTTIPFGGAYNIPLVSGPDIPINITDQAPSLIPIVPGSPQYTIIADAGDFYLHPSYYMLRKRRKRLPYFFSDVSLAA	13	21
A6NLN1	MSSNSASAANGNDSKKFKGDSRSAGVPSRVIHIRKLPIDVTEGEVISLGLPFGKVTNLLMLKGKNQAFIEMNTEEAANTMVNYYTSVTPVLRGQPIYIQFSNHKELKTDSSPNQARAQAALQAVNSVQSGNLALAASAAAVDAGMAMAGQSPVLRIIVENLFYPVTLDVLHQIFSKFGTVLKIITFTKNNQFQALLQYADPVSAQHAKLSLDGQNIYNACCTLRIDFSKLTSLNVKYNNDKSRDYTRPDLPSGDSQPSLDQTMAAAFGAPGIISASPYAGAGFPPTFAIPQAAGLSVPNVHGALAPLAIPSAAAAAAAAGRIAIPGLAGAGNSVLLVSNLNPERVTPQSLFILFGVYGDVQRVKILFNKKENALVQMADGNQAQLAMSHLNGHKLHGKPIRITLSKHQNVQLPREGQEDQGLTKDYGNSPLHRFKKPGSKNFQNIFPPSATLHLSNIPPSVSEEDLKVLFSSNGGVVKGFKFFQKDRKMALIQMGSVEEAVQALIDLHNHDLGENHHLRVSFSKSTI	13	21
Q9Y256	MAALGGDGLRLLSVSRPERPPESAALGGLGPGLCCWVSVFSCLSLACSYVGSLYVWKSELPRDHPAVIKRRFTSVLVVSSLSPLCVLLWRELTGIQPGTSLLTLMGFRLEGIFPAALLPLLLTMILFLGPLMQLSMDCPCDLADGLKVVLAPRSWARCLTDMRWLRNQVIAPLTEELVFRACMLPMLAPCMGLGPAVFTCPLFFGVAHFHHIIEQLRFRQSSVGNIFLSAAFQFSYTAVFGAYTAFLFIRTGHLIGPVLCHSFCNYMGFPAVCAALEHPQRRPLLAGYALGVGLFLLLLQPLTDPKLYGSLPLCVLLERAGDSEAPLCS	13	21
B4E372	MSGVTTETGSLDSATVATSQPLAEWQLCKASVSRGIIEIAACHSTHTSAAKTQGGHVYMWGQCRGQSVILPHLTHFSCTDDVFACFATPAVTWRLLSVEPDDHLTVAESLKREFDNPDTADLKFLVDGKYIYAHKVLLKIRCEHFRSSLEDNEDDIVEMSEFSYPVYRAFLEYLYTDSISLSPEEAVGLLDLATFYRENRLKKLCQQTIKQGICEENAIALLSAAVKYDAQDLEEFCFRFCINHLTVVTQTSGFAEMDHDLLKNFISKASRVGAFKN	13	21
P55292	MAAVGSMRSGSPAFGLGHLLTLAILALASDACKEVVLQVPSELPAEKFVGRVNLMDCLKSADIVHLSDPDFQVLEDGSVYTTSSVVLSSGQRSFTIWLFSTDSQEEREISVHLEGPVEVLNKRPHTEKVLSRAKRRWAPIPCSMLENSLGPFPLFLQQIQSDTAQNYTIYYSIRGPGVDKEPLNLFYVERDTGNLYCTGRVDREQYESFELTAFATTPDGYTPEYPLPLLIKIEDENDNYPIFTQKLYSFTVQENSRIGSIVGEVCATDLDEPDTMHTRLRYSILEQSPSPPMLFTMHPSTGVITTTSAQLDRELIDKYQLLIKVQDMDGQYFGLHTTAKCIITIEDVNDNLPTFTRTTYVTSVEENTVNVEILRLTVQDKDLVNSPNWRANYTILKGNENGNFKIVTDPKTNEGILCVIKPLDYEERQQVTLQIGVVNEAPYTREASSKSPMSTATVTVTVTNQDEGPECIPPMQTVRIQENVPVGTRNDGYKAYDPETRSSSGIRYRKLSDPRGWVTVNEDSGSITIFRALDREAETVRNGIYNITVLALDADGRSCTGTLGIILEDVNDNGPFIPKQTVVICKATMSSAEIVAVDLDDPVNGPPFDFSLESSDSEVQRMWRLTRINDTAARLSYQNDPSFGSYAVPIRVTDRLGLSSVTTLNVLVCDCITESDCTLRSGERTGYADVRLGPWAILAILLGIALLFCILFTLVCSVSRASKQQKILPDDLAQQNLIVSNTEAPGDDKVYSTNGLTTQTMGASGQTAFTTMGTGVKSGGQETIEMVKGGQQTLDSRRGAGYHHHTLDPCRGGHVEVDNYRHTYSEWYNFIQPRLGDKVQFCHTDDNQKLAQDYVLTYNYEGKGSAAGSVGCCSDLQEEDGLEFLDHLEPKFRTLAEVCAKR	13	21
Q99MK9	MSAEPELIELRELAPSGRIGPGRTRLERANALRIAPGTTRNPSQQHVPGRGHRFQPAGPTTHTWCDLCGDFIWGVVRKGLQCAHCKFTCHYRCRALVCLDCCGPRDLGWDSALERDTNVDEAVERETPDLSQAETEQKIKDYNGQINSNLFMSLNKDGSYTGFIKVQLKLVRPVSVPSSKKPPSLQDARRGTGRSTAVKRRTSFYLPKDAIKHLHVLSRTRAREVIEALLRKFMVVDDPRKFALFERTERHGQVYLRKLSDDEQPLKLRLLAGPSEKALSFVLKENDSGEVNWDAFSMPELHNFLRILQREEEEHLRQILQKYSRCRQKIQEALHACPLG	13	21
